Task,Phase,Verb,Phase Outcome,What to Do / Status,What You Should Know / Notes
FastAPI Webhook Receiver,Implementation,Build,Webhook endpoint receives events,"FastAPI app in llm_proxy_server/main.py handles POST endpoints","Add specific webhook logic if needed"
Async Forwarding with httpx,Implementation,Integrate,Async requests to external services,"Not found, consider adding with httpx for async forwarding","Use httpx.AsyncClient for non-blocking calls"
Supabase DB Schema,Design/Setup,Design,DB schema for analytics/logging,"models.py and database.py exist, check if Supabase-specific","Ensure schema matches analytics/logging needs"
Dockerize Backend,Not Started,Containerize,Dockerfile and Compose setup,"Not found, add Dockerfile and docker-compose.yml","Use official Python/FastAPI images"
Supabase SQL Views + Tables,Not Started,Create,Analytics-ready SQL views/tables,"Not found, add SQL scripts or migrations","Use Supabase dashboard or SQL migration tools"
Redis Setup (Docker Compose),Not Started,Setup,Redis running for caching/queues,"Not found, add to docker-compose.yml","Use Redis for Celery or caching"
Celery Worker for Logging,Not Started,Implement,Async logging/processing,"Not found, add Celery worker and tasks","Integrate with FastAPI and Redis"
Create Analytics Engine,Not Started,Build,Analytics queries and endpoints,"Not found, plan analytics logic and endpoints","Use SQLAlchemy or direct SQL"
API Key Middleware,Implementation,Add,API key validation on endpoints,"Likely in middleware or wrappers, confirm presence","Secure all endpoints"
Admin Dashboard APIs,Not Started,Build,Admin endpoints for dashboard,"Not found, add FastAPI routes for admin","Use authentication"
Alerts/Report Logic,Not Started,Implement,Alerting/reporting system,"Not found, design alert logic","Use email/webhook/Slack integrations"
Client SDK (Python),Implementation,Build,Python SDK for clients,"proxy/clients/ contains SDKs for Gemini, OpenAI, etc.","Expand and document usage"
Prometheus + Grafana,Not Started,Integrate,Monitoring and dashboards,"Not found, add Prometheus metrics and Grafana dashboards","Use FastAPI instrumentation"
Helicone Webhook Integration,Not Started,Integrate,Helicone events received/processed,"Not found, add webhook receiver and handler","Review Helicone docs"
Cloudflare DNS + WAF Setup,Not Started,Configure,DNS and WAF protection,"Not found, configure in Cloudflare dashboard","Secure endpoints"
Deployment (Render/DO),Not Started,Deploy,App running on cloud,"Not found, add deployment scripts or instructions","Use Render, DigitalOcean, or similar" 